source,race_id,venue,race_time,market_id,market_name,validation_status,runners,unique_selections,booksum
boylesports,45869734.10,Gowran Park,2026-07-25 12:40:00+00:00,,,MISSING,11,11,1.3349134160922338
boylesports,45869735.10,Gowran Park,2026-07-25 13:12:00+00:00,,,MISSING,14,14,1.2983859571925833
boylesports,45869736.10,Gowran Park,2026-07-25 13:44:00+00:00,,,MISSING,16,16,1.4157145520034773
boylesports,45869739.10,Gowran Park,2026-07-25 14:22:00+00:00,,,MISSING,8,8,1.1888054190034387
boylesports,45869741.10,Gowran Park,2026-07-25 14:55:00+00:00,,,MISSING,13,13,1.2642774515333817
boylesports,45869742.10,Gowran Park,2026-07-25 15:30:00+00:00,,,MISSING,9,9,1.2140192109232357
boylesports,45869743.10,Gowran Park,2026-07-25 16:05:00+00:00,,,MISSING,13,13,1.3058688959693263
boylesports,45869744.10,Gowran Park,2026-07-25 16:40:00+00:00,,,MISSING,7,7,1.2012642470922317
boylesports,45869765.10,Salisbury,2026-07-25 17:15:00+00:00,,,MISSING,4,4,1.1022615879174305
boylesports,45869766.10,Salisbury,2026-07-25 17:45:00+00:00,,,MISSING,4,4,1.0909410144895788
boylesports,45869767.10,Salisbury,2026-07-25 18:15:00+00:00,,,MISSING,10,10,1.2005281511366703
boylesports,45869768.10,Salisbury,2026-07-25 18:45:00+00:00,,,MISSING,4,4,1.1079876810487288
boylesports,45869769.10,Salisbury,2026-07-25 19:15:00+00:00,,,MISSING,6,6,1.1329059829059829
boylesports,45869770.10,Salisbury,2026-07-25 19:45:00+00:00,,,MISSING,6,6,1.1419439320443625
boylesports,45869771.10,Lingfield,2026-07-25 16:27:00+00:00,,,MISSING,4,4,1.1147677983736377
boylesports,45869772.10,Lingfield,2026-07-25 17:00:00+00:00,,,MISSING,6,6,1.077243018419489
boylesports,45869773.10,Lingfield,2026-07-25 17:30:00+00:00,,,MISSING,8,8,1.226459579753521
boylesports,45869774.10,Lingfield,2026-07-25 18:00:00+00:00,,,MISSING,7,7,1.180859010270775
boylesports,45869775.10,Lingfield,2026-07-25 18:30:00+00:00,,,MISSING,7,7,1.173301716053179
boylesports,45869776.10,Lingfield,2026-07-25 19:00:00+00:00,,,MISSING,5,5,1.1595959595959595
boylesports,45869777.10,Lingfield,2026-07-25 19:30:00+00:00,,,MISSING,7,7,1.1699346405228759
boylesports,45869778.10,Chester,2026-07-25 12:53:00+00:00,,,MISSING,10,10,1.2720472207768034
boylesports,45869779.10,Chester,2026-07-25 13:28:00+00:00,,,MISSING,8,8,1.2740698914611959
boylesports,45869780.10,Chester,2026-07-25 14:10:00+00:00,,,MISSING,6,6,1.1458381114180733
boylesports,45869781.10,Chester,2026-07-25 14:48:00+00:00,,,MISSING,7,7,1.1598039215686275
boylesports,45869782.10,Chester,2026-07-25 15:23:00+00:00,,,MISSING,11,11,1.2422633837926191
boylesports,45869783.10,Chester,2026-07-25 15:58:00+00:00,,,MISSING,7,7,1.1776756457148172
boylesports,45869784.10,Chester,2026-07-25 16:33:00+00:00,,,MISSING,11,11,1.288177297246229
boylesports,45869786.10,Ascot,2026-07-25 12:10:00+00:00,,,MISSING,12,12,1.9003256795860939
boylesports,45869787.10,Ascot,2026-07-25 12:45:00+00:00,,,MISSING,15,15,1.8029871050041097
boylesports,45869788.10,Ascot,2026-07-25 13:20:00+00:00,,,MISSING,12,12,1.9636826018709497
boylesports,45869789.10,Ascot,2026-07-25 13:55:00+00:00,,,MISSING,21,21,2.439894372448728
boylesports,45869790.10,Ascot,2026-07-25 14:35:00+00:00,,,MISSING,13,13,2.0881214417780147
boylesports,45869791.10,Ascot,2026-07-25 15:10:00+00:00,,,MISSING,19,19,2.2361254949687477
boylesports,45869792.10,Ascot,2026-07-25 15:45:00+00:00,,,MISSING,15,15,2.1650441062205767
boylesports,45869793.10,Ascot,2026-07-25 16:20:00+00:00,,,MISSING,18,18,2.0147561473070543
boylesports,45869794.10,York,2026-07-25 12:30:00+00:00,,,MISSING,22,22,2.4354099680061068
boylesports,45869795.10,York,2026-07-25 13:00:00+00:00,,,MISSING,25,25,2.2209627873225575
boylesports,45869796.10,York,2026-07-25 13:35:00+00:00,,,MISSING,9,9,1.7528499278499279
boylesports,45869797.10,York,2026-07-25 14:05:00+00:00,,,MISSING,20,20,1.9852829803080683
boylesports,45869798.10,York,2026-07-25 14:42:00+00:00,,,MISSING,10,10,2.0392431098313453
boylesports,45869799.10,York,2026-07-25 15:17:00+00:00,,,MISSING,14,14,2.385571474595865
boylesports,45869800.10,York,2026-07-25 15:52:00+00:00,,,MISSING,19,19,2.265841960048365
boylesports,45869801.10,Newcastle,2026-07-25 12:35:00+00:00,,,MISSING,17,17,2.638349906732826
boylesports,45869802.10,Newcastle,2026-07-25 13:05:00+00:00,,,MISSING,17,17,2.484227072326559
boylesports,45869803.10,Newcastle,2026-07-25 13:39:00+00:00,,,MISSING,17,17,2.219564447464595
boylesports,45869804.10,Newcastle,2026-07-25 14:15:00+00:00,,,MISSING,18,18,2.440765955340919
boylesports,45869805.10,Newcastle,2026-07-25 15:00:00+00:00,,,MISSING,17,17,2.4753287761178724
boylesports,45869806.10,Newcastle,2026-07-25 15:35:00+00:00,,,MISSING,16,16,2.364110093893776
boylesports,45869807.10,Newcastle,2026-07-25 16:10:00+00:00,,,MISSING,10,10,1.2376986542105222
boylesports,45869808.10,Newcastle,2026-07-25 16:45:00+00:00,,,MISSING,13,13,1.307100051897585
boylesports,45883309.10,Del Mar,2026-07-25 21:00:00+00:00,,,MISSING,8,8,0.0
boylesports,45883310.10,Del Mar,2026-07-25 21:32:00+00:00,,,MISSING,13,13,0.0
boylesports,45883311.10,Del Mar,2026-07-25 22:04:00+00:00,,,MISSING,8,8,0.0
boylesports,45883312.10,Del Mar,2026-07-25 22:38:00+00:00,,,MISSING,8,8,0.0
boylesports,45883320.10,Gulfstream,2026-07-25 16:20:00+00:00,,,MISSING,8,8,0.0
boylesports,45883321.10,Gulfstream,2026-07-25 16:55:00+00:00,,,MISSING,7,7,0.0
boylesports,45883386.10,Prairie Medw,2026-07-25 22:00:00+00:00,,,MISSING,8,8,0.0
boylesports,45883387.10,Prairie Medw,2026-07-25 22:25:00+00:00,,,MISSING,9,9,0.0
boylesports,45883388.10,Prairie Medw,2026-07-25 22:50:00+00:00,,,MISSING,9,9,0.0
livescorebet,SBTE_2_1028491112,York,2026-07-25 15:17:00+00:00,,,MISSING,27,10,3.671030593527882
livescorebet,SBTE_2_1028491113,York,2026-07-25 14:42:00+00:00,,,MISSING,15,6,3.384169498520411
livescorebet,SBTE_2_1028491114,York,2026-07-25 13:00:00+00:00,,,MISSING,60,21,4.43901727083667
livescorebet,SBTE_2_1028491115,York,2026-07-25 13:35:00+00:00,,,MISSING,12,5,3.2277480689245395
livescorebet,SBTE_2_1028491116,York,2026-07-25 15:52:00+00:00,,,MISSING,42,15,3.937272744038513
livescorebet,SBTE_2_1028491117,York,2026-07-25 12:30:00+00:00,,,MISSING,48,17,4.114562968528319
livescorebet,SBTE_2_1028491118,York,2026-07-25 14:05:00+00:00,,,MISSING,45,16,3.9943350163101914
livescorebet,SBTE_2_1028491119,Ascot,2026-07-25 15:10:00+00:00,,,MISSING,54,27,8.986642391876666
livescorebet,SBTE_2_1028491120,Ascot,2026-07-25 12:10:00+00:00,,,MISSING,36,21,8.695192751591136
livescorebet,SBTE_2_1028491121,Ascot,2026-07-25 14:35:00+00:00,,,MISSING,36,21,8.750394564029936
livescorebet,SBTE_2_1028491122,Ascot,2026-07-25 12:45:00+00:00,,,MISSING,42,23,8.462501212718065
livescorebet,SBTE_2_1028491123,Ascot,2026-07-25 16:20:00+00:00,,,MISSING,43,18,4.267141651674673
livescorebet,SBTE_2_1028491124,Ascot,2026-07-25 13:20:00+00:00,,,MISSING,31,18,7.627143733713659
livescorebet,SBTE_2_1028491125,Ascot,2026-07-25 15:45:00+00:00,,,MISSING,34,15,4.225492601653593
livescorebet,SBTE_2_1028491126,Ascot,2026-07-25 13:55:00+00:00,,,MISSING,57,28,9.362719414438196
livescorebet,SBTE_2_1028491127,Chester,2026-07-25 12:53:00+00:00,,,MISSING,27,10,3.6378154394861983
livescorebet,SBTE_2_1028491128,Chester,2026-07-25 15:23:00+00:00,,,MISSING,30,11,3.6509997454701573
livescorebet,SBTE_2_1028491129,Chester,2026-07-25 14:48:00+00:00,,,MISSING,18,7,3.4226748804427793
livescorebet,SBTE_2_1028491130,Chester,2026-07-25 13:28:00+00:00,,,MISSING,21,8,3.48768272520808
livescorebet,SBTE_2_1028491131,Chester,2026-07-25 16:33:00+00:00,,,MISSING,30,11,3.653804938300139
livescorebet,SBTE_2_1028491132,Chester,2026-07-25 14:10:00+00:00,,,MISSING,15,6,3.7432373952480997
livescorebet,SBTE_2_1028491133,Chester,2026-07-25 15:58:00+00:00,,,MISSING,18,7,3.4153912059257845
livescorebet,SBTE_2_1028491134,Salisbury,2026-07-25 18:45:00+00:00,,,MISSING,4,4,1.1558124598587027
livescorebet,SBTE_2_1028491135,Salisbury,2026-07-25 19:45:00+00:00,,,MISSING,6,6,1.1762694821518351
livescorebet,SBTE_2_1028491136,Salisbury,2026-07-25 19:15:00+00:00,,,MISSING,15,6,3.386094091666847
livescorebet,SBTE_2_1028491137,Salisbury,2026-07-25 18:15:00+00:00,,,MISSING,27,10,3.680444840427156
livescorebet,SBTE_2_1028491138,Salisbury,2026-07-25 17:45:00+00:00,,,MISSING,4,4,1.1155928622518987
livescorebet,SBTE_2_1028491139,Salisbury,2026-07-25 17:15:00+00:00,,,MISSING,4,4,1.133697746364127
livescorebet,SBTE_2_1028491143,Lingfield,2026-07-25 18:00:00+00:00,,,MISSING,18,7,3.4455950974806435
livescorebet,SBTE_2_1028491144,Lingfield,2026-07-25 19:00:00+00:00,,,MISSING,12,5,3.4023976657056503
livescorebet,SBTE_2_1028491145,Lingfield,2026-07-25 17:30:00+00:00,,,MISSING,21,8,3.5367647129795468
livescorebet,SBTE_2_1028491146,Lingfield,2026-07-25 19:30:00+00:00,,,MISSING,13,7,2.3607808857808856
livescorebet,SBTE_2_1028491147,Lingfield,2026-07-25 18:30:00+00:00,,,MISSING,18,7,3.4902830399734426
livescorebet,SBTE_2_1028491148,Lingfield,2026-07-25 17:00:00+00:00,,,MISSING,15,6,3.433686842927042
livescorebet,SBTE_2_1028491149,Lingfield,2026-07-25 16:27:00+00:00,,,MISSING,4,4,1.1151515151515152
livescorebet,SBTE_2_1028491150,Newcastle,2026-07-25 16:10:00+00:00,,,MISSING,27,10,3.6182973292196894
livescorebet,SBTE_2_1028491151,Newcastle,2026-07-25 13:05:00+00:00,,,MISSING,36,13,3.9558025228361093
livescorebet,SBTE_2_1028491152,Newcastle,2026-07-25 13:39:00+00:00,,,MISSING,39,14,3.804069252232971
livescorebet,SBTE_2_1028491153,Newcastle,2026-07-25 15:35:00+00:00,,,MISSING,33,12,3.707070025878054
livescorebet,SBTE_2_1028491154,Newcastle,2026-07-25 15:00:00+00:00,,,MISSING,36,13,3.8569358746118363
livescorebet,SBTE_2_1028491155,Newcastle,2026-07-25 16:45:00+00:00,,,MISSING,36,13,3.7792270345397165
livescorebet,SBTE_2_1028491156,Newcastle,2026-07-25 14:15:00+00:00,,,MISSING,39,14,3.886305962476726
livescorebet,SBTE_2_1028491157,Newcastle,2026-07-25 12:35:00+00:00,,,MISSING,36,13,3.9203432110667706
livescorebet,SBTE_2_1028491165,Gowran Park,2026-07-25 12:40:00+00:00,,,MISSING,30,11,3.7019810811802585
livescorebet,SBTE_2_1028491166,Gowran Park,2026-07-25 15:30:00+00:00,,,MISSING,24,9,3.5697955982785703
livescorebet,SBTE_2_1028491167,Gowran Park,2026-07-25 14:22:00+00:00,,,MISSING,21,8,3.5557316481845698
livescorebet,SBTE_2_1028491168,Gowran Park,2026-07-25 16:05:00+00:00,,,MISSING,36,13,3.8482529466533375
livescorebet,SBTE_2_1028491169,Gowran Park,2026-07-25 16:40:00+00:00,,,MISSING,18,7,3.47979724648906
livescorebet,SBTE_2_1028491170,Gowran Park,2026-07-25 13:12:00+00:00,,,MISSING,39,14,3.848290863326088
livescorebet,SBTE_2_1028491171,Gowran Park,2026-07-25 14:55:00+00:00,,,MISSING,36,13,3.968523223932894
livescorebet,SBTE_2_1028491172,Gowran Park,2026-07-25 13:44:00+00:00,,,MISSING,45,16,4.120416068990853
paddy_power,35855306.1110,Turffontein,2026-07-25T12:10:00+01:00,,,MISSING,10,10,1.2385142026055105
paddy_power,35855306.1145,Turffontein,2026-07-25T12:45:00+01:00,,,MISSING,10,10,1.2801056924559415
paddy_power,35855306.1220,Turffontein,2026-07-25T13:20:00+01:00,,,MISSING,9,9,1.1993667032030204
paddy_power,35855318.1200,Bad Harzburg,2026-07-25T13:00:00+01:00,,,MISSING,9,9,0.0
paddy_power,35855477.1125,Durbanville,2026-07-25T12:25:00+01:00,,,MISSING,11,11,1.22015207015207
paddy_power,35855477.1200,Durbanville,2026-07-25T13:00:00+01:00,,,MISSING,10,10,1.246490366002561
paddy_power,35855540.1125,Mauritius,2026-07-25T12:25:00+01:00,,,MISSING,8,8,0.0
paddy_power,35855540.1205,Mauritius,2026-07-25T13:05:00+01:00,,,MISSING,8,8,0.0
paddy_power,35856053.1240,Gowran Park,2026-07-25T13:40:00+01:00,,,MISSING,13,13,1.251361034193474
paddy_power,35856053.1312,Gowran Park,2026-07-25T14:12:00+01:00,,,MISSING,16,16,1.3468420332802382
paddy_power,35856053.1344,Gowran Park,2026-07-25T14:44:00+01:00,,,MISSING,18,18,1.4308673730386512
paddy_power,35856053.1422,Gowran Park,2026-07-25T15:22:00+01:00,,,MISSING,10,10,1.1441667243647442
paddy_power,35856053.1455,Gowran Park,2026-07-25T15:55:00+01:00,,,MISSING,15,15,1.2894366061043008
paddy_power,35856071.1253,Chester,2026-07-25T13:53:00+01:00,,,MISSING,12,12,1.221027690692052
paddy_power,35856071.1328,Chester,2026-07-25T14:28:00+01:00,,,MISSING,10,10,1.1989228163141206
paddy_power,35856071.1410,Chester,2026-07-25T15:10:00+01:00,,,MISSING,8,8,1.1304174315587836
paddy_power,35856071.1448,Chester,2026-07-25T15:48:00+01:00,,,MISSING,9,9,1.1409171495858803
paddy_power,35856079.1210,Ascot,2026-07-25T13:10:00+01:00,,,MISSING,11,11,1.2113749982784978
paddy_power,35856079.1245,Ascot,2026-07-25T13:45:00+01:00,,,MISSING,13,13,1.1577293649443894
paddy_power,35856079.1320,Ascot,2026-07-25T14:20:00+01:00,,,MISSING,10,10,1.1657060330973374
paddy_power,35856079.1355,Ascot,2026-07-25T14:55:00+01:00,,,MISSING,18,18,1.3719038280380143
paddy_power,35856079.1435,Ascot,2026-07-25T15:35:00+01:00,,,MISSING,11,11,1.1292363111092378
paddy_power,35856079.1510,Ascot,2026-07-25T16:10:00+01:00,,,MISSING,17,17,1.3696262457872366
paddy_power,35856096.1230,York,2026-07-25T13:30:00+01:00,,,MISSING,19,19,1.3893211633839169
paddy_power,35856096.1300,York,2026-07-25T14:00:00+01:00,,,MISSING,23,23,1.3884079633267308
paddy_power,35856096.1335,York,2026-07-25T14:35:00+01:00,,,MISSING,7,7,1.0811594202898551
paddy_power,35856096.1405,York,2026-07-25T15:05:00+01:00,,,MISSING,18,18,1.3909867293661464
paddy_power,35856096.1442,York,2026-07-25T15:42:00+01:00,,,MISSING,8,8,1.1456856868621574
paddy_power,35856097.1235,Newcastle,2026-07-25T13:35:00+01:00,,,MISSING,15,15,1.3611744905862553
paddy_power,35856097.1305,Newcastle,2026-07-25T14:05:00+01:00,,,MISSING,15,15,1.349710454785672
paddy_power,35856097.1339,Newcastle,2026-07-25T14:39:00+01:00,,,MISSING,16,16,1.2518799311430582
paddy_power,35856097.1415,Newcastle,2026-07-25T15:15:00+01:00,,,MISSING,16,16,1.3437264760064442
paddy_power,35856097.1500,Newcastle,2026-07-25T16:00:00+01:00,,,MISSING,15,15,1.3267813885460944
paddy_power,35856319.1104,Menangle,2026-07-25T12:04:00+01:00,,,MISSING,8,8,1.2557487232409832
paddy_power,35856319.1133,Menangle,2026-07-25T12:33:00+01:00,,,MISSING,8,8,1.3273740596321242
paddy_power,35857978.1126,Globe Derby,2026-07-25T12:26:00+01:00,,,MISSING,8,8,1.329864253393665
paddy_power,35857978.1153,Globe Derby,2026-07-25T12:53:00+01:00,,,MISSING,7,7,1.329766137240013
paddy_power,35857978.1225,Globe Derby,2026-07-25T13:25:00+01:00,,,MISSING,7,7,1.318533777107631
paddy_power,35857986.1111,Northam,2026-07-25T12:11:00+01:00,,,MISSING,7,7,1.2796939619520264
paddy_power,35857986.1116,Northam,2026-07-25T12:16:00+01:00,,,MISSING,10,10,1.3382225111424593
paddy_power,35857986.1143,Northam,2026-07-25T12:43:00+01:00,,,MISSING,10,10,1.336690141643702
paddy_power,35857986.1214,Northam,2026-07-25T13:14:00+01:00,,,MISSING,10,10,1.3678042010418865
paddy_power,35858854.1120,Kochi,2026-07-25T12:20:00+01:00,,,MISSING,13,13,0.0
paddy_power,35859388.1103,Vichy,2026-07-25T12:03:00+01:00,,,MISSING,10,10,1.2610281158344288
paddy_power,35859388.1140,Vichy,2026-07-25T12:40:00+01:00,,,MISSING,11,11,1.2917748917748917
paddy_power,35859388.1215,Vichy,2026-07-25T13:15:00+01:00,,,MISSING,14,14,1.3788237189241492
paddy_power,35859454.1123,ENGHIEN,2026-07-25T12:23:00+01:00,,,MISSING,13,13,0.0
paddy_power,35859454.1158,ENGHIEN,2026-07-25T12:58:00+01:00,,,MISSING,15,15,0.0
